Symbol,Company,Sector,Headquarter,Year First Added,Foundation
MMM,3M,Industrials,Minnesota,1976,1902
AOS,A. O. Smith,Industrials,Wisconsin,2017,1916
ABT,Abbott,Health Care,Illinois,1964,1888
ABBV,AbbVie,Health Care,Illinois,2012,1888
ABMD,Abiomed,Health Care,Massachusetts,2018,1981
ACN,Accenture,Information Technology,Ireland,2011,1989
ATVI,Activision Blizzard,Communication Services,California,2015,2008
ADM,ADM,Consumer Staples,Illinois,1981,1902
ADBE,Adobe Inc.,Information Technology,California,1997,1982
ADP,ADP,Information Technology,New Jersey,1981,1949
AAP,Advance Auto Parts,Consumer Discretionary,North Carolina,2015,1932
AES,AES Corporation,Utilities,Virginia,1998,1981
AFL,Aflac,Financials,Georgia,1999,1955
A,Agilent Technologies,Health Care,California,2000,1999
APD,Air Products and Chemicals,Materials,Pennsylvania,1985,1940
AKAM,Akamai,Information Technology,Massachusetts,2007,1998
ALK,Alaska Air Group,Industrials,Washington,2016,1985
ALB,Albemarle Corporation,Materials,North Carolina,2016,1994
ARE,Alexandria Real Estate Equities,Real Estate,California,2017,1994
ALGN,Align Technology,Health Care,Arizona,2017,1997
ALLE,Allegion,Industrials,New York,2013,1908
LNT,Alliant Energy,Utilities,Wisconsin,2016,1917
ALL,Allstate,Financials,Illinois,1995,1931
GOOGL,Alphabet Inc. (Class A),Communication Services,California,2014,1998
GOOG,Alphabet Inc. (Class C),Communication Services,California,2006,1998
MO,Altria,Consumer Staples,Virginia,1957,1985
AMZN,Amazon,Consumer Discretionary,Washington,2005,1994
AMCR,Amcor,Materials,United Kingdom,2019,1860
AMD,AMD,Information Technology,California,0,1969
AEE,Ameren,Utilities,Missouri,1991,1902
AAL,American Airlines Group,Industrials,Texas,2015,1934
AEP,American Electric Power,Utilities,Ohio,1957,1906
AXP,American Express,Financials,New York,1976,1850
AIG,American International Group,Financials,New York,1980,1919
AMT,American Tower,Real Estate,Massachusetts,2007,1995
AWK,American Water Works,Utilities,New Jersey,2016,1886
AMP,Ameriprise Financial,Financials,Minnesota,2005,1894
ABC,AmerisourceBergen,Health Care,Pennsylvania,2001,1985
AME,Ametek,Industrials,Pennsylvania,2013,1930
AMGN,Amgen,Health Care,California,1992,1980
APH,Amphenol,Information Technology,Connecticut,2008,1932
ADI,Analog Devices,Information Technology,Massachusetts,1999,1965
ANSS,Ansys,Information Technology,Pennsylvania,2017,1969
AON,Aon,Financials,UK,1996,1919
APA,APA Corporation,Energy,Texas,1997,1954
AAPL,Apple Inc.,Information Technology,California,1982,1977
AMAT,Applied Materials,Information Technology,California,1995,1967
APTV,Aptiv,Consumer Discretionary,Ireland,2012,1994
ACGL,Arch Capital Group,Financials,Bermuda,2022,1995
ANET,Arista Networks,Information Technology,California,2018,2004
AJG,Arthur J. Gallagher & Co.,Financials,Illinois,2016,1927
AIZ,Assurant,Financials,New York,2007,1892
T,AT&T,Communication Services,Texas,1983,1885
ATO,Atmos Energy,Utilities,Texas,2019,1906
ADSK,Autodesk,Information Technology,California,1989,1982
AZO,AutoZone,Consumer Discretionary,Tennessee,1997,1979
AVB,AvalonBay Communities,Real Estate,Virginia,2007,1978
AVY,Avery Dennison,Materials,California,1987,1990
BKR,Baker Hughes,Energy,Texas,2017,2017
BALL,Ball Corporation,Materials,Colorado,1984,1880
BAC,Bank of America,Financials,North Carolina,1976,1874
BBWI,"Bath & Body Works, Inc.",Consumer Discretionary,Ohio,1983,1963
BAX,Baxter International,Health Care,Illinois,1972,1931
BDX,Becton Dickinson,Health Care,New Jersey,1972,1897
WRB,Berkley,Financials,Connecticut,2019,1967
BRK.B,Berkshire Hathaway,Financials,Nebraska,2010,1839
BBY,Best Buy,Consumer Discretionary,Minnesota,1999,1966
BIO,Bio-Rad,Health Care,California,2020,1952
TECH,Bio-Techne,Health Care,Minnesota,2021,1976
BIIB,Biogen,Health Care,Massachusetts,2003,1978
BLK,BlackRock,Financials,New York,2011,1988
BK,BNY Mellon,Financials,New York,1995,1784
BA,Boeing,Industrials,Illinois,1957,1916
BKNG,Booking Holdings,Consumer Discretionary,Connecticut,2009,1996
BWA,BorgWarner,Consumer Discretionary,Michigan,2011,1880
BXP,Boston Properties,Real Estate,Massachusetts,2006,1970
BSX,Boston Scientific,Health Care,Massachusetts,1995,1979
BMY,Bristol Myers Squibb,Health Care,New York,1957,1989
AVGO,Broadcom Inc.,Information Technology,California,2014,1961
BR,Broadridge Financial Solutions,Information Technology,New York,2018,1962
BRO,Brown & Brown,Financials,Florida,2021,1939
BF.B,Brown–Forman,Consumer Staples,Kentucky,1982,1870
CHRW,C.H. Robinson,Industrials,Minnesota,2007,1905
CDNS,Cadence Design Systems,Information Technology,California,2017,1988
CZR,Caesars Entertainment,Consumer Discretionary,Nevada,2021,1973
CPT,Camden Property Trust,Real Estate,Texas,2022,1981
CPB,Campbell Soup Company,Consumer Staples,New Jersey,1957,1869
COF,Capital One,Financials,Virginia,1998,1994
CAH,Cardinal Health,Health Care,Ohio,1997,1971
KMX,CarMax,Consumer Discretionary,Virginia,2010,1993
CCL,Carnival,Consumer Discretionary,Florida,1998,1972
CARR,Carrier Global,Industrials,Florida,2020,1915
CTLT,Catalent,Health Care,New Jersey,2020,2007
CAT,Caterpillar Inc.,Industrials,Texas,1957,1925
CBOE,Cboe Global Markets,Financials,Illinois,2017,1973
CBRE,CBRE Group,Real Estate,Texas,2006,1906
CDW,CDW,Information Technology,Illinois,2019,1984
CE,Celanese,Materials,Texas,2018,1918
CNC,Centene Corporation,Health Care,Missouri,2016,1984
CNP,CenterPoint Energy,Utilities,Texas,1985,1882
CDAY,Ceridian,Information Technology,Minnesota,2021,1992
CF,CF Industries,Materials,Illinois,2008,1946
CRL,Charles River Laboratories,Health Care,Massachusetts,2021,1947
SCHW,Charles Schwab Corporation,Financials,Texas,1997,1971
CHTR,Charter Communications,Communication Services,Connecticut,2016,1993
CVX,Chevron Corporation,Energy,California,1957,1879
CMG,Chipotle Mexican Grill,Consumer Discretionary,California,2011,1993
CB,Chubb Limited,Financials,Switzerland,2010,1985
CHD,Church & Dwight,Consumer Staples,New Jersey,2015,1847
CI,Cigna,Health Care,Connecticut,1976,1982
CINF,Cincinnati Financial,Financials,Ohio,1997,1950
CTAS,Cintas,Industrials,Ohio,2001,1929
CSCO,Cisco,Information Technology,California,1993,1984
C,Citigroup,Financials,New York,1988,1998
CFG,Citizens Financial Group,Financials,Rhode Island,2016,1828
CLX,Clorox,Consumer Staples,California,1969,1913
CME,CME Group,Financials,Illinois,2006,1848
CMS,CMS Energy,Utilities,Michigan,1999,1886
KO,The Coca-Cola Company,Consumer Staples,Georgia,1957,1886
CTSH,Cognizant,Information Technology,New Jersey,2006,1994
CL,Colgate-Palmolive,Consumer Staples,New York,1957,1806
CMCSA,Comcast,Communication Services,Pennsylvania,2002,1963
CMA,Comerica,Financials,Texas,1995,1849
CAG,Conagra Brands,Consumer Staples,Illinois,1983,1919
COP,ConocoPhillips,Energy,Texas,1957,2002
ED,Consolidated Edison,Utilities,New York,0,1823
STZ,Constellation Brands,Consumer Staples,New York,2005,1945
CEG,Constellation Energy,Utilities,Maryland,2022,1999
COO,CooperCompanies,Health Care,California,2016,1958
CPRT,Copart,Industrials,Texas,2018,1982
GLW,Corning Inc.,Information Technology,New York,0,1851
CTVA,Corteva,Materials,Indiana,2019,2019
CSGP,CoStar Group,Industrials,D.C.,2022,1987
COST,Costco,Consumer Staples,Washington,1993,1976
CTRA,Coterra,Energy,Texas,2008,1989
CCI,Crown Castle,Real Estate,Texas,2012,1994
CSX,CSX,Industrials,Florida,1967,1980
CMI,Cummins,Industrials,Indiana,1965,1919
CVS,CVS Health,Health Care,Rhode Island,1957,1996
DHI,D.R. Horton,Consumer Discretionary,Texas,2005,1978
DHR,Danaher Corporation,Health Care,D.C.,0,1969
DRI,Darden Restaurants,Consumer Discretionary,Florida,0,1938
DVA,DaVita Inc.,Health Care,Colorado,2008,1979
DE,John Deere,Industrials,Illinois,1957,1837
DAL,Delta Air Lines,Industrials,Georgia,2013,1929
XRAY,Dentsply Sirona,Health Care,North Carolina,2008,1969
DVN,Devon Energy,Energy,Oklahoma,2000,1971
DXCM,Dexcom,Health Care,California,2020,1999
FANG,Diamondback Energy,Energy,Texas,2018,2007
DLR,Digital Realty,Real Estate,Texas,2016,2004
DFS,Discover Financial,Financials,Illinois,2007,1985
DISH,Dish Network,Communication Services,Colorado,2017,1980
DIS,Disney,Communication Services,California,1976,1923
DG,Dollar General,Consumer Discretionary,Tennessee,2012,1939
DLTR,Dollar Tree,Consumer Discretionary,Virginia,2011,1986
D,Dominion Energy,Utilities,Virginia,0,1983
DPZ,Domino's,Consumer Discretionary,Michigan,2020,1960
DOV,Dover Corporation,Industrials,Illinois,1985,1955
DOW,Dow Inc.,Materials,Michigan,2019,2019
DTE,DTE Energy,Utilities,Michigan,1957,1995
DUK,Duke Energy,Utilities,North Carolina,1976,1904
DD,DuPont,Materials,Delaware,2019,2017
DXC,DXC Technology,Information Technology,Virginia,2017,2017
EMN,Eastman Chemical Company,Materials,Tennessee,1994,1920
ETN,Eaton Corporation,Industrials,Ireland,0,1911
EBAY,eBay,Consumer Discretionary,California,2002,1995
ECL,Ecolab,Materials,Minnesota,1989,1923
EIX,Edison International,Utilities,California,1957,1886
EW,Edwards Lifesciences,Health Care,California,2011,1958
EA,Electronic Arts,Communication Services,California,2002,1982
ELV,Elevance Health,Health Care,Indiana,2002,1946
LLY,Eli Lilly and Company,Health Care,Indiana,1970,1876
EMR,Emerson Electric,Industrials,Missouri,1965,1890
ENPH,Enphase,Information Technology,California,2021,2006
ETR,Entergy,Utilities,Louisiana,1957,1913
EOG,EOG Resources,Energy,Texas,2000,1999
EPAM,EPAM Systems,Information Technology,Pennsylvania,2021,1993
EQT,EQT,Energy,Pennsylvania,2022,1888
EFX,Equifax,Industrials,Georgia,1997,1899
EQIX,Equinix,Real Estate,California,2015,1998
EQR,Equity Residential,Real Estate,Illinois,2001,1969
ESS,Essex Property Trust,Real Estate,California,2014,1971
EL,The Estée Lauder Companies,Consumer Staples,New York,2006,1946
ETSY,Etsy,Consumer Discretionary,New York,2020,2005
RE,Everest Re,Financials,Bermuda,2017,1973
EVRG,Evergy,Utilities,Missouri,2018,1909
ES,Eversource,Utilities,Connecticut,2009,1966
EXC,Exelon,Utilities,Illinois,1957,2000
EXPE,Expedia Group,Consumer Discretionary,Washington,2007,1996
EXPD,Expeditors International,Industrials,Washington,2007,1979
EXR,Extra Space Storage,Real Estate,Utah,2016,1977
XOM,ExxonMobil,Energy,Texas,1957,1999
FFIV,"F5, Inc.",Information Technology,Washington,2010,1996
FDS,FactSet,Financials,Connecticut,2021,1978
FAST,Fastenal,Industrials,Minnesota,2008,1967
FRT,Federal Realty,Real Estate,Maryland,2016,1962
FDX,FedEx,Industrials,Tennessee,1980,1971
FITB,Fifth Third Bank,Financials,Ohio,0,1858
FRC,First Republic Bank,Financials,California,2019,1985
FE,FirstEnergy,Utilities,Ohio,0,1997
FIS,FIS,Information Technology,Florida,2006,1968
FISV,Fiserv,Information Technology,Wisconsin,2001,1984
FLT,Fleetcor,Information Technology,Georgia,2018,2000
FMC,FMC Corporation,Materials,Pennsylvania,2009,1883
F,Ford Motor Company,Consumer Discretionary,Michigan,1957,1903
FTNT,Fortinet,Information Technology,California,2018,2000
FTV,Fortive,Industrials,Washington,2016,2016
FBHS,Fortune Brands Home & Security,Industrials,Illinois,2016,1969
FOXA,Fox Corporation (Class A),Communication Services,New York,2013,2019
FOX,Fox Corporation (Class B),Communication Services,New York,2015,2019
BEN,Franklin Templeton,Financials,California,0,1947
FCX,Freeport-McMoRan,Materials,Arizona,0,1912
GRMN,Garmin,Consumer Discretionary,Switzerland,2012,1989
IT,Gartner,Information Technology,Connecticut,2017,1979
GEN,Gen Digital Inc.,Information Technology,Arizona,2003,1982
GNRC,Generac,Industrials,Wisconsin,2021,1959
GD,General Dynamics,Industrials,Virginia,1957,1899
GE,General Electric,Industrials,Massachusetts,0,1892
GIS,General Mills,Consumer Staples,Minnesota,1969,1856
GM,General Motors,Consumer Discretionary,Michigan,2013,1908
GPC,Genuine Parts Company,Consumer Discretionary,Georgia,1973,1925
GILD,Gilead Sciences,Health Care,California,2004,1987
GL,Globe Life,Financials,Texas,1989,1900
GPN,Global Payments,Information Technology,Georgia,2016,2000
GS,Goldman Sachs,Financials,New York,2002,1869
HAL,Halliburton,Energy,Texas,1957,1919
HIG,Hartford (The),Financials,Connecticut,1957,1810
HAS,Hasbro,Consumer Discretionary,Rhode Island,1984,1923
HCA,HCA Healthcare,Health Care,Tennessee,2015,1968
PEAK,Healthpeak,Real Estate,California,2008,1985
HSIC,Henry Schein,Health Care,New York,2015,1932
HSY,Hershey's,Consumer Staples,Pennsylvania,1957,1894
HES,Hess Corporation,Energy,New York,1984,1919
HPE,Hewlett Packard Enterprise,Information Technology,Texas,2015,2015
HLT,Hilton Worldwide,Consumer Discretionary,Virginia,2017,1919
HOLX,Hologic,Health Care,Massachusetts,2016,1985
HD,The Home Depot,Consumer Discretionary,Georgia,1988,1978
HON,Honeywell,Industrials,North Carolina,1964,1906
HRL,Hormel Foods,Consumer Staples,Minnesota,2009,1891
HST,Host Hotels & Resorts,Real Estate,Maryland,2007,1993
HWM,Howmet Aerospace,Industrials,Pennsylvania,1964,2016
HPQ,HP Inc.,Information Technology,California,1974,2015
HUM,Humana,Health Care,Kentucky,0,1961
HBAN,Huntington Bancshares,Financials,Michigan,0,1866
HII,Huntington Ingalls Industries,Industrials,Virginia,2018,2011
IBM,IBM,Information Technology,New York,1957,1911
IEX,IDEX Corporation,Industrials,Illinois,2019,1988
IDXX,Idexx Laboratories,Health Care,Maine,2017,1983
ITW,Illinois Tool Works,Industrials,Illinois,1986,1912
ILMN,Illumina,Health Care,California,2015,1998
INCY,Incyte,Health Care,Delaware,2017,1991
IR,Ingersoll Rand,Industrials,North Carolina,2020,1859
INTC,Intel,Information Technology,California,1976,1968
ICE,Intercontinental Exchange,Financials,Georgia,2007,2000
IP,International Paper,Materials,Tennessee,1957,1898
IPG,The Interpublic Group of Companies,Communication Services,New York,1992,1930
IFF,International Flavors & Fragrances,Materials,New York,1976,1889
INTU,Intuit,Information Technology,California,2000,1983
ISRG,Intuitive Surgical,Health Care,California,2008,1995
IVZ,Invesco,Financials,Georgia,2008,1935
INVH,Invitation Homes,Real Estate,Texas,2022,2012
IQV,IQVIA,Health Care,North Carolina,2017,1982
IRM,Iron Mountain,Real Estate,Massachusetts,2009,1951
JBHT,J.B. Hunt,Industrials,Arkansas,2015,1961
JKHY,Jack Henry & Associates,Information Technology,Missouri,2018,1976
J,Jacobs Solutions,Industrials,Texas,2007,1947
JNJ,Johnson & Johnson,Health Care,New Jersey,1973,1886
JCI,Johnson Controls,Industrials,Ireland,2010,1885
JPM,JPMorgan Chase,Financials,New York,1975,1871
JNPR,Juniper Networks,Information Technology,California,2006,1996
K,Kellogg's,Consumer Staples,Michigan,1989,1906
KDP,Keurig Dr Pepper,Consumer Staples,Massachusetts,2022,1981
KEY,KeyCorp,Financials,Ohio,1994,1825
KEYS,Keysight,Information Technology,California,2018,1939
KMB,Kimberly-Clark,Consumer Staples,Texas,1957,1872
KIM,Kimco Realty,Real Estate,New York,2006,1958
KMI,Kinder Morgan,Energy,Texas,2012,1997
KLAC,KLA Corporation,Information Technology,California,0,1997
KHC,Kraft Heinz,Consumer Staples,Pennsylvania,2015,1869
KR,Kroger,Consumer Staples,Ohio,1957,1883
LHX,L3Harris,Industrials,Florida,2008,1895
LH,LabCorp,Health Care,North Carolina,2004,1978
LRCX,Lam Research,Information Technology,California,2012,1980
LW,Lamb Weston,Consumer Staples,Idaho,2018,1950
LVS,Las Vegas Sands,Consumer Discretionary,Nevada,2019,1988
LDOS,Leidos,Industrials,Virginia,2019,1969
LEN,Lennar,Consumer Discretionary,Florida,2005,1954
LNC,Lincoln Financial,Financials,Pennsylvania,1976,1905
LIN,Linde plc,Materials,United Kingdom,1992,1879
LYV,Live Nation Entertainment,Communication Services,California,2019,2010
LKQ,LKQ Corporation,Consumer Discretionary,Illinois,2016,1998
LMT,Lockheed Martin,Industrials,Maryland,1984,1995
L,Loews Corporation,Financials,New York,0,1959
LOW,Lowe's,Consumer Discretionary,North Carolina,1984,1959
LUMN,Lumen Technologies,Communication Services,Louisiana,1999,1877
LYB,LyondellBasell,Materials,Netherlands,2012,2007
MTB,M&T Bank,Financials,New York,2004,1856
MRO,Marathon Oil,Energy,Texas,1991,1887
MPC,Marathon Petroleum,Energy,Ohio,2011,1887
MKTX,MarketAxess,Financials,New York,2019,2000
MAR,Marriott International,Consumer Discretionary,Maryland,0,1927
MMC,Marsh McLennan,Financials,New York,1987,1905
MLM,Martin Marietta Materials,Materials,North Carolina,2014,1993
MAS,Masco,Industrials,Michigan,1981,1929
MA,Mastercard,Information Technology,New York,2008,1966
MTCH,Match Group,Communication Services,Texas,2021,1986
MKC,McCormick & Company,Consumer Staples,Maryland,2003,1889
MCD,McDonald's,Consumer Discretionary,Illinois,1970,1940
MCK,McKesson,Health Care,Texas,0,1833
MDT,Medtronic,Health Care,Ireland,1986,1949
MRK,Merck & Co.,Health Care,New Jersey,1957,1891
META,Meta Platforms,Communication Services,California,2013,2004
MET,MetLife,Financials,New York,0,1868
MTD,Mettler Toledo,Health Care,Ohio,2016,1945
MGM,MGM Resorts,Consumer Discretionary,Nevada,2017,1986
MCHP,Microchip Technology,Information Technology,Arizona,2007,1989
MU,Micron Technology,Information Technology,Idaho,1994,1978
MSFT,Microsoft,Information Technology,Washington,1994,1975
MAA,Mid-America Apartment Communities,Real Estate,Tennessee,2016,1977
MRNA,Moderna,Health Care,Massachusetts,2021,2010
MHK,Mohawk Industries,Consumer Discretionary,Georgia,2013,1878
MOH,Molina Healthcare,Health Care,California,2022,1980
TAP,Molson Coors Beverage Company,Consumer Staples,Illinois,1976,1873
MDLZ,Mondelez International,Consumer Staples,Illinois,2012,2012
MPWR,Monolithic Power Systems,Information Technology,Washington,2021,1997
MNST,Monster Beverage,Consumer Staples,California,2012,1935
MCO,Moody's Corporation,Financials,New York,0,1909
MS,Morgan Stanley,Financials,New York,0,1935
MOS,The Mosaic Company,Materials,Florida,2011,1909
MSI,Motorola Solutions,Information Technology,Illinois,0,2011
MSCI,MSCI,Financials,New York,2018,1969
NDAQ,"Nasdaq, Inc.",Financials,New York,2008,1971
NTAP,NetApp,Information Technology,California,1999,1992
NFLX,Netflix,Communication Services,California,2010,1997
NWL,Newell Brands,Consumer Discretionary,Georgia,1989,1903
NEM,Newmont,Materials,Colorado,1969,1921
NWSA,News Corp (Class A),Communication Services,New York,2013,1980
NWS,News Corp (Class B),Communication Services,New York,2015,1980
NEE,NextEra Energy,Utilities,Florida,1976,1925
NKE,"Nike, Inc.",Consumer Discretionary,Oregon,1988,1964
NI,NiSource,Utilities,Indiana,0,1912
NDSN,Nordson Corporation,Industrials,Ohio,2022,1935
NSC,Norfolk Southern Railway,Industrials,Virginia,1957,1980
NTRS,Northern Trust,Financials,Illinois,0,1889
NOC,Northrop Grumman,Industrials,Virginia,1985,1930
NCLH,Norwegian Cruise Line Holdings,Consumer Discretionary,Florida,2017,1966
NRG,NRG Energy,Utilities,Texas,2010,1992
NUE,Nucor,Materials,North Carolina,1985,1940
NVDA,Nvidia,Information Technology,California,2001,1993
NVR,"NVR, Inc.",Consumer Discretionary,Virginia,2019,1980
NXPI,NXP Semiconductors,Information Technology,Netherlands,2021,1953
ORLY,O'Reilly Auto Parts,Consumer Discretionary,Missouri,2009,1957
OXY,Occidental Petroleum,Energy,Texas,1982,1920
ODFL,Old Dominion,Industrials,North Carolina,2019,1934
OMC,Omnicom Group,Communication Services,New York,0,1986
ON,ON Semiconductor,Information Technology,Arizona,2022,1999
OKE,Oneok,Energy,Oklahoma,2010,1906
ORCL,Oracle Corporation,Information Technology,Texas,1989,1977
OGN,Organon & Co.,Health Care,New Jersey,2021,2021
OTIS,Otis Worldwide,Industrials,Connecticut,2020,1853
PCAR,Paccar,Industrials,Washington,1980,1905
PKG,Packaging Corporation of America,Materials,Illinois,2017,1959
PARA,Paramount Global,Communication Services,New York,0,1952
PH,Parker Hannifin,Industrials,Ohio,1985,1917
PAYX,Paychex,Information Technology,New York,0,1971
PAYC,Paycom,Information Technology,Oklahoma,2020,1998
PYPL,PayPal,Information Technology,California,2015,1998
PNR,Pentair,Industrials,United Kingdom,2012,1966
PEP,PepsiCo,Consumer Staples,New York,1957,1898
PKI,PerkinElmer,Health Care,Massachusetts,1985,1937
PFE,Pfizer,Health Care,New York,1957,1849
PCG,PG&E,Utilities,California,2022,1905
PM,Philip Morris International,Consumer Staples,New York,2008,1847
PSX,Phillips 66,Energy,Texas,2012,1917
PNW,Pinnacle West,Utilities,Arizona,0,1985
PXD,Pioneer Natural Resources,Energy,Texas,2008,1997
PNC,PNC Financial Services,Financials,Pennsylvania,1988,1845
POOL,Pool Corporation,Consumer Discretionary,Louisiana,2020,1993
PPG,PPG Industries,Materials,Pennsylvania,1957,1883
PPL,PPL Corporation,Utilities,Pennsylvania,0,1920
PFG,Principal Financial Group,Financials,Iowa,2002,1879
PG,Procter & Gamble,Consumer Staples,Ohio,1957,1837
PGR,Progressive Corporation,Financials,Ohio,1997,1937
PLD,Prologis,Real Estate,California,2003,1983
PRU,Prudential Financial,Financials,New Jersey,2002,1875
PEG,Public Service Enterprise Group,Utilities,New Jersey,1957,1903
PTC,PTC,Information Technology,Massachusetts,2021,1985
PSA,Public Storage,Real Estate,California,2005,1972
PHM,PulteGroup,Consumer Discretionary,Georgia,1984,1956
QRVO,Qorvo,Information Technology,North Carolina,2015,2015
PWR,Quanta Services,Industrials,Texas,2009,1997
QCOM,Qualcomm,Information Technology,California,0,1985
DGX,Quest Diagnostics,Health Care,New Jersey,2002,1967
RL,Ralph Lauren Corporation,Consumer Discretionary,New York,2007,1967
RJF,Raymond James,Financials,Florida,2017,1962
RTX,Raytheon Technologies,Industrials,Massachusetts,0,1922
O,Realty Income,Real Estate,California,2015,1969
REG,Regency Centers,Real Estate,Florida,2017,1963
REGN,Regeneron,Health Care,New York,2013,1988
RF,Regions Financial Corporation,Financials,Alabama,1998,1971
RSG,Republic Services,Industrials,Arizona,2008,1981
RMD,ResMed,Health Care,California,2017,1989
RHI,Robert Half,Industrials,California,2000,1948
ROK,Rockwell Automation,Industrials,Wisconsin,0,1903
ROL,"Rollins, Inc.",Industrials,Georgia,2018,1948
ROP,Roper Technologies,Information Technology,Florida,2009,1981
ROST,Ross Stores,Consumer Discretionary,California,2009,1982
RCL,Royal Caribbean Group,Consumer Discretionary,Florida,2014,1997
SPGI,S&P Global,Financials,New York,0,1917
CRM,Salesforce,Information Technology,California,2008,1999
SBAC,SBA Communications,Real Estate,Florida,2017,1989
SLB,Schlumberger,Energy,Kingdom of the Netherlands,1965,1926
STX,Seagate Technology,Information Technology,Ireland,2012,1979
SEE,Sealed Air,Materials,North Carolina,1957,1960
SRE,Sempra Energy,Utilities,California,0,1998
NOW,ServiceNow,Information Technology,California,2019,2003
SHW,Sherwin-Williams,Materials,Ohio,1964,1866
SBNY,Signature Bank,Financials,New York,2021,2001
SPG,Simon Property Group,Real Estate,Indiana,2002,2003
SWKS,Skyworks Solutions,Information Technology,California,2015,2002
SJM,The J.M. Smucker Company,Consumer Staples,Ohio,2008,1897
SNA,Snap-on,Industrials,Wisconsin,1982,1920
SEDG,SolarEdge,Information Technology,Israel,2021,2006
SO,Southern Company,Utilities,Georgia,1957,1945
LUV,Southwest Airlines,Industrials,Texas,1994,1967
SWK,Stanley Black & Decker,Industrials,Connecticut,1982,1843
SBUX,Starbucks,Consumer Discretionary,Washington,2000,1971
STT,State Street Corporation,Financials,Massachusetts,0,1792
STE,Steris,Health Care,Ireland,2019,1985
SYK,Stryker Corporation,Health Care,Michigan,2000,1941
SIVB,SVB Financial,Financials,California,2018,1983
SYF,Synchrony Financial,Financials,Connecticut,2015,2003
SNPS,Synopsys,Information Technology,California,2017,1986
SYY,Sysco,Consumer Staples,Texas,1986,1969
TMUS,T-Mobile US,Communication Services,Washington,2019,1994
TROW,T. Rowe Price,Financials,Maryland,0,1937
TTWO,Take-Two Interactive,Communication Services,New York,2018,1993
TPR,"Tapestry, Inc.",Consumer Discretionary,New York,0,2017
TRGP,Targa Resources,Energy,Texas,2022,2005
TGT,Target Corporation,Consumer Discretionary,Minnesota,1976,1902
TEL,TE Connectivity,Information Technology,Switzerland,2011,2007
TDY,Teledyne Technologies,Information Technology,California,2020,1960
TFX,Teleflex,Health Care,Pennsylvania,2019,1943
TER,Teradyne,Information Technology,Massachusetts,2020,1960
TSLA,"Tesla, Inc.",Consumer Discretionary,Texas,2020,2003
TXN,Texas Instruments,Information Technology,Texas,0,1930
TXT,Textron,Industrials,Rhode Island,1978,1923
TMO,Thermo Fisher Scientific,Health Care,Massachusetts,2004,1902
TJX,TJX Companies,Consumer Discretionary,Massachusetts,1985,1987
TSCO,Tractor Supply,Consumer Discretionary,Tennessee,2014,1938
TT,Trane Technologies,Industrials,Ireland,2010,1871
TDG,TransDigm Group,Industrials,Ohio,2016,1993
TRV,The Travelers Companies,Financials,New York,2002,1853
TRMB,Trimble Inc.,Information Technology,Colorado,2021,1978
TFC,Truist,Financials,North Carolina,1997,1872
TYL,Tyler Technologies,Information Technology,Texas,2020,1966
TSN,Tyson Foods,Consumer Staples,Arkansas,2005,1935
USB,U.S. Bank,Financials,Minnesota,0,1968
UDR,"UDR, Inc.",Real Estate,Colorado,2016,1972
ULTA,Ulta Beauty,Consumer Discretionary,Illinois,2016,1990
UNP,Union Pacific Corporation,Industrials,Nebraska,1957,1862
UAL,United Airlines Holdings,Industrials,Illinois,2015,1967
UPS,United Parcel Service,Industrials,Georgia,2002,1907
URI,United Rentals,Industrials,Connecticut,2014,1997
UNH,UnitedHealth Group,Health Care,Minnesota,1994,1977
UHS,Universal Health Services,Health Care,Pennsylvania,2014,1979
VLO,Valero Energy,Energy,Texas,0,1980
VTR,Ventas,Real Estate,Illinois,2009,1998
VRSN,Verisign,Information Technology,Virginia,2006,1995
VRSK,Verisk,Industrials,New Jersey,2015,1971
VZ,Verizon,Communication Services,New York,1983,1877
VRTX,Vertex Pharmaceuticals,Health Care,Massachusetts,2013,1989
VFC,VF Corporation,Consumer Discretionary,Colorado,1979,1899
VTRS,Viatris,Health Care,Pennsylvania,2004,1961
VICI,Vici Properties,Real Estate,New York,2022,2017
V,Visa Inc.,Information Technology,California,2009,1958
VNO,Vornado Realty Trust,Real Estate,New York,2005,1982
VMC,Vulcan Materials Company,Materials,Alabama,1999,1909
WAB,Wabtec,Industrials,Pennsylvania,2019,1869
WBA,Walgreens Boots Alliance,Consumer Staples,Illinois,1979,2014
WMT,Walmart,Consumer Staples,Arkansas,1982,1962
WBD,Warner Bros. Discovery,Communication Services,New York,2022,2022
WM,Waste Management,Industrials,Texas,0,1968
WAT,Waters Corporation,Health Care,Massachusetts,0,1958
WEC,WEC Energy Group,Utilities,Wisconsin,2008,1896
WFC,Wells Fargo,Financials,California,1976,1852
WELL,Welltower,Real Estate,Ohio,2009,1970
WST,West Pharmaceutical Services,Health Care,Pennsylvania,2020,1923
WDC,Western Digital,Information Technology,California,2009,1970
WRK,WestRock,Materials,Georgia,0,2015
WY,Weyerhaeuser,Real Estate,Washington,0,1900
WHR,Whirlpool Corporation,Consumer Discretionary,Michigan,0,1911
WMB,Williams Companies,Energy,Oklahoma,1975,1908
WTW,Willis Towers Watson,Financials,United Kingdom,2016,2016
GWW,W. W. Grainger,Industrials,Illinois,1981,1927
WYNN,Wynn Resorts,Consumer Discretionary,Nevada,2008,2002
XEL,Xcel Energy,Utilities,Minnesota,1957,1909
XYL,Xylem Inc.,Industrials,New York,2011,2011
YUM,Yum! Brands,Consumer Discretionary,Kentucky,1997,1997
ZBRA,Zebra Technologies,Information Technology,Illinois,2019,1969
ZBH,Zimmer Biomet,Health Care,Indiana,2001,1927
ZION,Zions Bancorporation,Financials,Utah,2001,1873
ZTS,Zoetis,Health Care,New Jersey,2013,1952
